Disease Name,Stage,Treatment Type,Mode Of Action,Treatment Name,Description,Priority Level,Precautionary Guidelines
Apple Scab,Early,Biological Control,Natural Agent,potassium bicarbonate,"Foliar spray is applied at a rate of 5 kg potassium bicarbonate + 2 kg wettable sulphur, with 2-3 applications at 7–10-day intervals.",1,"Prune trees to improve air circulation and reduce humidity within the canopy. Remove all leaves dropped from the tree, and apply lime to it to enhance decomposition and reduce fungal viability."
Apple Scab,Early,Chemical Control,Contact Fungicide,"Captan 50% WP (e.g., Merpan)","This treatment is typically applied during the early stages of infection, with applications repeated every 7-10 days at a rate of 8-10 g per 5 L of water",2,"Prune trees to improve air circulation and reduce humidity within the canopy. Remove all leaves dropped from the tree, and apply lime to it to enhance decomposition and reduce fungal viability."
Apple Scab,Moderate,Chemical Control,Contact Fungicide,"Captan 50% WP (e.g., Merpan)","This treatment is typically applied during the early stages of infection, with applications repeated every 7-10 days at a rate of 8-10 g per 5 L of water",1,"Prune trees to improve air circulation and reduce humidity within the canopy. Remove all leaves dropped from the tree, and apply lime to it to enhance decomposition and reduce fungal viability."
Apple Scab,Moderate,Biological Control,Natural Agent,potassium bicarbonate,"Foliar spray is applied at a rate of 5 kg potassium bicarbonate + 2 kg wettable sulphur, with 2-3 applications at 7–10-day intervals.",2,"Prune trees to improve air circulation and reduce humidity within the canopy. Remove all leaves dropped from the tree, and apply lime to it to enhance decomposition and reduce fungal viability."
Apple Scab,Severe,Chemical,Systemic Fungicide,Azoxystrobin,"Apply at a rate of 3-7.5 grams per 5 liters of water, with applications repeated every 7-10 days during periods of infection.",1,"Prune trees to improve air circulation and reduce humidity within the canopy. Remove all leaves dropped from the tree, and apply lime to it to enhance decomposition and reduce fungal viability."
,,Control,,25% SC e.g. Ortiva,,,
,,,,,,,
,,,,,,,
Apple Black rot,Early,Biological Control,Microbial Biological Agents,beneficial bacteria (Bacillus subtilis),"Spray Bacillus subtilis (lipopeptide mix: fengycin 55% + surfactin 45%) at ≈ 250 mg a.i. or 10^8 CFU. per L of water, preventively every 7 days or immediately after rainfall.",1,Prune and destroy infected leaves and twigs to reduce inoculum sources. Ensure proper spacing and air circulation between trees to reduce leaf wetness duration.
Apple Black rot,Early,Chemical Control,Contact Fungicide,"copper-based fungicides (e.g., copper oxychloride, copper hydroxide)","Apply copper oxychloride at 0.2–0.3% or copper hydroxide at 0.15–0.2%, repeated every 7–10 days.",2,Prune and destroy infected leaves and twigs to reduce inoculum sources. Ensure proper spacing and air circulation between trees to reduce leaf wetness duration.
Apple Black rot,Moderate,Chemical Control,Contact Fungicide,"copper-based fungicides (e.g., copper oxychloride, copper hydroxide)","Apply copper oxychloride at 0.2–0.3% or copper hydroxide at 0.15–0.2%, repeated every 7–10 days.",1,Prune and destroy infected leaves and twigs to reduce inoculum sources. Ensure proper spacing and air circulation between trees to reduce leaf wetness duration.
Apple Black rot,Moderate,Biological Control,Microbial Biological Agents,beneficial bacteria (Bacillus subtilis),"Spray Bacillus subtilis (lipopeptide mix: fengycin 55% + surfactin 45%) at ≈ 250 mg a.i. or 10^8 CFU. per L of water, preventively every 7 days or immediately after rainfall.",2,Prune and destroy infected leaves and twigs to reduce inoculum sources. Ensure proper spacing and air circulation between trees to reduce leaf wetness duration.
Apple Black rot,Severe,Chemical,Systemic Fungicide,Benomyl (Benlate 50W),Spray Benomyl (Benlate 50% WP) at a rate of 0.045 g per 200 ml water with 5 µl Latron B1956 and repeat once after 7–10 days.,1,Prune and destroy infected leaves and twigs to reduce inoculum sources. Ensure proper spacing and air circulation between trees to reduce leaf wetness duration.
,,Control,,,,,
,,,,,,,
Cedar apple rust,Early,Biological Control,Natural Agent,Neem oil,Neem oil is sprayed at an approximate 0.5% concentration on leaves at disease symptom onset. Application continues until symptoms subside.,1,"Remove Eastern red cedar or juniper trees within 300 meters, prune and destroy infected leaves, and ensure proper spacing and air circulation to reduce leaf wetness duration."
,,,,,,,
Cedar apple rust,Early,Chemical Control,Contact Fungicide,Mancozeb,Apply it at a rate of 10-15 g/ 5 L of water.,2,"Remove Eastern red cedar or juniper trees within 300 meters, prune and destroy infected leaves, and ensure proper spacing and air circulation to reduce leaf wetness duration."
,,,,80% WP (e.g. Dithane M45),,,
Cedar apple rust,Moderate,Chemical Control,Contact Fungicide,Mancozeb,Apply it at a rate of 10-15 g/ 5 L of water.,1,"Remove Eastern red cedar or juniper trees within 300 meters, prune and destroy infected leaves, and ensure proper spacing and air circulation to reduce leaf wetness duration."
,,,,80% WP (e.g. Dithane M45),,,
Cedar apple rust,Moderate,Biological Control,Natural Agent,Neem oil,Neem oil is sprayed at an approximate 0.5% concentration on leaves at disease symptom onset. Application continues until symptoms subside.,2,"Remove Eastern red cedar or juniper trees within 300 meters, prune and destroy infected leaves, and ensure proper spacing and air circulation to reduce leaf wetness duration."
,,,,,,,
Cedar apple rust,Severe,Chemical,Systemic Fungicide,Cyproconazole,"Apply it at a rate of 1-2.5 g \ 5 L of water, apply it every 7-14 days.",1,"Remove Eastern red cedar or juniper trees within 300 meters, prune and destroy infected leaves, and ensure proper spacing and air circulation to reduce leaf wetness duration."
,,Control,,50% SL (e.g. Atemi),,,
,,,,,,,
Cherry Powdery mildew,Early,Biological Control,Microbial Biological Agents,beneficial bacteria (Bacillus subtilis),"Apply Bacillus subtilis at 4.3 mL/ L¯¹ water as a foliar spray on cherry leaves and fruit, repeated every 14 days and after heavy rainfall.",1,"Avoid excessive nitrogen fertilization as it promotes lush, disease-prone growth. Prune trees to improve air circulation and sunlight penetration. Remove and destroy infected leaves."
,,,,,,,
Cherry Powdery mildew,Early,Chemical Control,Contact Fungicide,sulfur-based fungicides (Sulfur,Apply (15g/5L of water) every 7-14 days.,2,"Avoid excessive nitrogen fertilization as it promotes lush, disease-prone growth. Prune trees to improve air circulation and sunlight penetration. Remove and destroy infected leaves."
,,,,"80% e.g., Sulfate)",,,
Cherry Powdery mildew,Moderate,Chemical Control,Contact Fungicide,sulfur-based fungicides (Sulfur,Apply (15g/5L of water) every 7-14 days.,1,"Avoid excessive nitrogen fertilization as it promotes lush, disease-prone growth. Prune trees to improve air circulation and sunlight penetration. Remove and destroy infected leaves."
,,,,"80% e.g., Sulfate)",,,
Cherry Powdery mildew,Moderate,Biological Control,Microbial Biological Agents,beneficial bacteria (Bacillus subtilis),"Apply Bacillus subtilis at 4.3 mL/ L¯¹ water as a foliar spray on cherry leaves and fruit, repeated every 14 days and after heavy rainfall.",2,"Avoid excessive nitrogen fertilization as it promotes lush, disease-prone growth. Prune trees to improve air circulation and sunlight penetration. Remove and destroy infected leaves."
,,,,,,,
Cherry Powdery mildew,Severe,Chemical,Systemic Fungicide,Cyproconazole,"apply it at a rate 1-2.5 g \ 5 L of water, apply it every 7-14 days.",1,"Avoid excessive nitrogen fertilization as it promotes lush, disease-prone growth. Prune trees to improve air circulation and sunlight penetration. Remove and destroy infected leaves."
,,Control,,50 %SL e.g. Atemi),,,
,,,,,,,
Maize (Corn) Cercospora leaf spot (Gray leaf spot),Early,Biological Control,Microbial Biological Agents,beneficial bacteria (Bacillus amyloliquefaciens),"The fungicide is applied at a rate of 1–2 qt per acre (≈1–2 L ha−1), diluted in 15 gallons of water per acre, with repeat applications after 14 days or following heavy rainfall.",1,"Rotate crops with non-hosts (e.g., soybeans). Avoid planting maize in the same field continuously. Optimize plant spacing to enhance airflow and reduce leaf wetness."
Maize (Corn) Cercospora leaf spot (Gray leaf spot),Early,Chemical Control,Contact Fungicide,Chlorothalonil,Apply Chlorothalonil at 0.2–0.3% as a foliar spray repeated every 7–10 days.,2,"Rotate crops with non-hosts (e.g., soybeans). Avoid planting maize in the same field continuously. Optimize plant spacing to enhance airflow and reduce leaf wetness."
Maize (Corn) Cercospora leaf spot (Gray leaf spot),Moderate,Chemical Control,Contact Fungicide,Chlorothalonil,Apply Chlorothalonil at 0.2–0.3% as a foliar spray repeated every 7–10 days.,1,"Rotate crops with non-hosts (e.g., soybeans). Avoid planting maize in the same field continuously. Optimize plant spacing to enhance airflow and reduce leaf wetness."
Maize (Corn) Cercospora leaf spot (Gray leaf spot),Moderate,Biological Control,Microbial Biological Agents,beneficial bacteria (Bacillus amyloliquefaciens),"The fungicide is applied at a rate of 1–2 qt per acre (≈1–2 L ha−1), diluted in 15 gallons of water per acre, with repeat applications after 14 days or following heavy rainfall.",2,"Rotate crops with non-hosts (e.g., soybeans). Avoid planting maize in the same field continuously. Optimize plant spacing to enhance airflow and reduce leaf wetness."
Maize (Corn) Cercospora leaf spot (Gray leaf spot),Severe,Chemical,Systemic Fungicide,Mixed (,"Spray a mixture of Carbendazim (187.5 g/ha) and Flusilazole (93.75 g/ha), repeated every 7–10 days for 2–3 applications.",1,"Rotate crops with non-hosts (e.g., soybeans). Avoid planting maize in the same field continuously. Optimize plant spacing to enhance airflow and reduce leaf wetness."
,,Control,,Carbendazim + Flusilazole),,,
,,,,,,,
Maize (Corn) Common rust,Early,Biological Control,Microbial Biological Agents,beneficial fungus (Trichoderma harzianum),Use Trichoderma harzianum conidial suspension at 10^6 spores/mL as a foliar spray applied every 10–14 days.,1,Avoid dense planting to improve airflow and reduce humidity around the levee. Remove crop residues after harvest.
Maize (Corn) Common rust,Early,Chemical Control,Contact Fungicide,Chlorothalonil,"Apply the fungicide at a rate of 1.69 kg active ingredient per hectare, repeated every 7–10 days for 3–5 applications during different growth stages.",2,Avoid dense planting to improve airflow and reduce humidity around the levee. Remove crop residues after harvest.
Maize (Corn) Common rust,Moderate,Chemical Control,Contact Fungicide,Chlorothalonil,"Apply the fungicide at a rate of 1.69 kg active ingredient per hectare, repeated every 7–10 days for 3–5 applications during different growth stages.",1,Avoid dense planting to improve airflow and reduce humidity around the levee. Remove crop residues after harvest.
Maize (Corn) Common rust,Moderate,Biological Control,Microbial Biological Agents,beneficial fungus (Trichoderma harzianum),Use Trichoderma harzianum conidial suspension at 10^6 spores/mL as a foliar spray applied every 10–14 days.,2,Avoid dense planting to improve airflow and reduce humidity around the levee. Remove crop residues after harvest.
Maize (Corn) Common rust,Severe,Chemical,Systemic Fungicide,Propiconazole,"Apply Propiconazole in two consecutive sprays at 0.12 kg a.i./ha, and sometimes followed by a third spray of mancozeb; this combination effectively suppressed disease progression.",1,Avoid dense planting to improve airflow and reduce humidity around the levee. Remove crop residues after harvest.
,,Control,,"25% EC (e.g., Tilt),",,,
,,,,Mancozeb,,,
,,,,"80% WP (e.g., Dithane M-45)",,,
,,,,,,,
Maize (Corn) Northern Leaf Blight,Early,Biological Control,Natural Agent,Neem seed extract,"Mix 10 g of neem seed powder into distilled water to a final volume of 100 mL, twice at 10-day intervals.",1,"Reduce excessive nitrogen use, remove infected plants promptly, and rotate crops with non-host species such as soybean to limit disease spread and break its cycle."
Maize (Corn) Northern Leaf Blight,Early,Chemical Control,Contact Fungicide,Mancozeb 80% WP e.g. Dithane M45,"Spray at 0.25% on leaves in two applications: the first with effectiveness lasting 5–7 days, followed by a second spray after 10 days.",2,"Reduce excessive nitrogen use, remove infected plants promptly, and rotate crops with non-host species such as soybean to limit disease spread and break its cycle."
Maize (Corn) Northern Leaf Blight,Moderate,Chemical Control,Contact Fungicide,Mancozeb,"Spray at 0.25% on leaves in two applications: the first with effectiveness lasting 5–7 days, followed by a second spray after 10 days.",1,"Reduce excessive nitrogen use, remove infected plants promptly, and rotate crops with non-host species such as soybean to limit disease spread and break its cycle."
,,,,80% WP e.g. Dithane M45,,,
Maize (Corn) Northern Leaf Blight,Moderate,Biological Control,Natural Agent,Neem seed extract,"Mix 10 g of neem seed powder into distilled water to a final volume of 100 mL, twice at 10-day intervals.",2,"Reduce excessive nitrogen use, remove infected plants promptly, and rotate crops with non-host species such as soybean to limit disease spread and break its cycle."
Maize (Corn) Northern Leaf Blight,Severe,Chemical,Systemic Fungicide,"Tebuconazole 25% EC (e.g., Folicur)","Spray Tebuconazole at 0.1% concentration twice - first effectiveness lasting 5–7 days, and second 10 days later.",1,"Reduce excessive nitrogen use, remove infected plants promptly, and rotate crops with non-host species such as soybean to limit disease spread and break its cycle."
,,Control,,,,,
,,,,,,,
Grape Black rot,Early,Biological Control,Microbial Biological Agents,Bacillus subtilis (,"At the early stage, spray grapevines with Bacillus velezensis Buz14 culture supernatant at 50 % v/v (10 mL per cutting), and repeat weekly for three applications.",1,Prune infected parts and remove plant debris; Ensure proper vine spacing for reduced humidity; Prevent splashing water from reaching the vines to limit disease spread.
,,,,Bacillus velezensis Buz14),,,
Grape Black rot,Early,Chemical Control,Contact Fungicide,Mancozeb,"Spray with Dithane M-45 at 4 g/L water as a foliar treatment repeated every 7–10 days, especially under wet conditions.",2,Prune infected parts and remove plant debris; Ensure proper vine spacing for reduced humidity; Prevent splashing water from reaching the vines to limit disease spread.
,,,,80% WP e.g. Dithane M45,,,
Grape Black rot,Moderate,Chemical Control,Contact Fungicide,Mancozeb,"Spray with Dithane M-45 at 4 g/L water as a foliar treatment repeated every 7–10 days, especially under wet conditions.",1,Prune infected parts and remove plant debris; Ensure proper vine spacing for reduced humidity; Prevent splashing water from reaching the vines to limit disease spread.
,,,,80% WP e.g. Dithane M45,,,
Grape Black rot,Moderate,Biological Control,Microbial Biological Agents,Bacillus subtilis (,"At the early stage, spray grapevines with Bacillus velezensis Buz14 culture supernatant at 50 % v/v (10 mL per cutting), and repeat weekly for three applications.",2,Prune infected parts and remove plant debris; Ensure proper vine spacing for reduced humidity; Prevent splashing water from reaching the vines to limit disease spread.
,,,,Bacillus velezensis Buz14),,,
Grape Black rot,Severe,Chemical,Systemic Fungicide,Myclobutanil,Apply Myclobutanil at 0.02–0.04% as a foliar spray repeated every 7–10 days for severe Grape Black rot.,1,Prune infected parts and remove plant debris; Ensure proper vine spacing for reduced humidity; Prevent splashing water from reaching the vines to limit disease spread.
,,Control,,"20% EC (e.g., Rally)",,,
,,,,,,,
Grape Esca (Black Measles),Early,Biological Control,Microbial Biological Agents,beneficial fungus,"Trichoderma harzianum is applied at 1 × 10^6 CFU/mL as a foliar spray at 10 µL per infection site, and its protective effect persists throughout the growing season.",1,Prune and remove infected vine parts entirely. Use drip irrigation instead of head irrigation. Maintain proper vine spacing for better air circulation and reduce humidity.
,,,,(Trichoderma harzianum),,,
,,,,,,,
Grape Esca (Black Measles),Early,Chemical Control,Contact Fungicide,Sodium Arsenite,"Spray grape trunks and arms with Sodium arsenite (1250 g/hL) after pruning for two years, then stop for two years and repeat. Note: effective but banned in many countries due to high toxicity.",2,Prune and remove infected vine parts entirely. Use drip irrigation instead of head irrigation. Maintain proper vine spacing for better air circulation and reduce humidity.
Grape Esca (Black Measles),Moderate,Chemical Control,Contact Fungicide,Sodium Arsenite,"Spray grape trunks and arms with Sodium arsenite (1250 g/hL) after pruning for two years, then stop for two years and repeat.",1,Prune and remove infected vine parts entirely. Use drip irrigation instead of head irrigation. Maintain proper vine spacing for better air circulation and reduce humidity.
,,,,,Note: effective but banned in many countries due to high toxicity.,,
Grape Esca (Black Measles),Moderate,Biological Control,Microbial Biological Agents,beneficial fungus,"Trichoderma harzianum is applied at 1 × 10^6 CFU/mL as a foliar spray at 10 µL per infection site, and its protective effect persists throughout the growing season.",2,Prune and remove infected vine parts entirely. Use drip irrigation instead of head irrigation. Maintain proper vine spacing for better air circulation and reduce humidity.
,,,,(Trichoderma harzianum),,,
,,,,,,,
Grape Esca (Black Measles),Severe,Chemical,Systemic Fungicide,Fosetyl-Al (Aliette),"Treat infected grapevines with Fosetyl-Al (Aliette) by applying four foliar sprays at 10-day intervals using 20 g/L concentration, and enhance effectiveness by trunk injection at a dose of 2 g a.i. per plant.",1,Prune and remove infected vine parts entirely. Use drip irrigation instead of head irrigation. Maintain proper vine spacing for better air circulation and reduce humidity.
,,Control,,,,,
,,,,,,,
Grape Leaf blight (Isariopsis Leaf Spot),Early,Biological Control,Natural Agent,Sodium Bicarbonate,"Spray grapevine leaves with a 0.5% sodium bicarbonate solution, three times at 10-day intervals.",1,Prune and remove any infected leaves and vines; Improve Air Circulation; Vater early in the day to allow leaves to dry before nightfall.
,,,,,Note: Avoid concentrations above 1% to prevent leaf phytotoxicity.,,
Grape Leaf blight (Isariopsis Leaf Spot),Early,Chemical Control,Contact Fungicide,Bordeaux mixture in a (1:1:100):,Prepare a Bordeaux mixture at a 1:1:100 ratio (copper sulfate: lime: water) and spray it on grapevines weekly. Ensure complete coverage of the foliage.,2,Prune and remove any infected leaves and vines; Improve Air Circulation; Vater early in the day to allow leaves to dry before nightfall.
,,,,,,,
Grape Leaf blight (Isariopsis Leaf Spot),Moderate,Chemical Control,Contact Fungicide,Bordeaux mixture in a (1:1:100):,Prepare a Bordeaux mixture at a 1:1:100 ratio (copper sulfate: lime: water) and spray it on grapevines weekly. Ensure complete coverage of the foliage.,1,Prune and remove any infected leaves and vines; Improve Air Circulation; Vater early in the day to allow leaves to dry before nightfall.
,,,,,,,
Grape Leaf blight (Isariopsis Leaf Spot),Moderate,Biological Control,Natural Agent,Sodium Bicarbonate,"Spray grapevine leaves with a 0.5% sodium bicarbonate solution, three times at 10-day intervals.",2,Prune and remove any infected leaves and vines; Improve Air Circulation; Vater early in the day to allow leaves to dry before nightfall.
,,,,,Note: Avoid concentrations above 1% to prevent leaf phytotoxicity.,,
Grape Leaf blight (Isariopsis Leaf Spot),Severe,Chemical,Systemic Fungicide,Acibenzolar-S-methyl,"Spray Acibenzolar-S-methyl at a concentration of 50 mg/L-1, weekly, to induce plant resistance against disease. Apply during the cooler hours of the day. ",1,Prune and remove any infected leaves and vines; Improve Air Circulation; Vater early in the day to allow leaves to dry before nightfall.
,,Control,,,,,
,,,,,,,
Orange Haunglogbing (Citrus greening),Early,Biological Control,Microbial Biological Agents,Beneficial Bacteria (Bacillus subtilis),"Spray citrus trees with a suspension of the endophytic bacterium Bacillus subtilis L1-21 at 1 x 10^4 CFU ml-1 until foliage run-off, once a month for at least six consecutive months. ",1,"Quarantine is enforced to stop the spread of citrus psyllids by restricting the movement of citrus plants, fruit, and equipment."
Orange Haunglogbing (Citrus greening),Early,Chemical Control,Contact Fungicide,Carvacrol (CARV),"Spray citrus trees with Carvacrol essential oil at 1000 ppm with Siltrate, three times in spring, once in summer, and three times in autumn.",2,"Quarantine is enforced to stop the spread of citrus psyllids by restricting the movement of citrus plants, fruit, and equipment."
Orange Haunglogbing (Citrus greening),Moderate,Chemical Control,Contact Fungicide,Carvacrol (CARV),"Spray citrus trees with Carvacrol essential oil at 1000 ppm with Siltrate, three times in spring, once in summer, and three times in autumn.",1,"Quarantine is enforced to stop the spread of citrus psyllids by restricting the movement of citrus plants, fruit, and equipment."
Orange Haunglogbing (Citrus greening),Moderate,Biological Control,Microbial Biological Agents,Beneficial Bacteria (Bacillus subtilis),"Spray citrus trees with a suspension of the endophytic bacterium Bacillus subtilis L1-21 at 1 x 10^4 CFU ml-1 until foliage run-off, once a month for at least six consecutive months.",2,"Quarantine is enforced to stop the spread of citrus psyllids by restricting the movement of citrus plants, fruit, and equipment."
Orange Haunglogbing (Citrus greening),Severe,Chemical,Systemic Fungicide,Oxytetracycline calcium complex (OXY - Mycoshield®),"Apply Oxytetracycline (Mycoshield®) at 1.5 lbs/acre with Balance pH during spring (3x), summer (1x), and autumn (3x).",1,"Quarantine is enforced to stop the spread of citrus psyllids by restricting the movement of citrus plants, fruit, and equipment."
,,Control,,,,,
,,,,,,,
Peach Bacterial spot,Early,Biological Control,Microbial Biological Agents,Beneficial Bacteria (Xanthomonas campestris strain AZ98101 or AZ98106),Spray the trees twice with a foliar suspension of the beneficial bacterium Xanthomonas campestris strain AZ98101 or AZ98106 at roughly 5 × 10^7 CFU mL,1,"Remove all infected branches or leaves; Use clean, sterilized pruning tools to avoid spreading the disease; Dispose of infected materials properly by burning or burying."
Peach Bacterial spot,Early,Chemical Control,Contact Fungicide,copper-based fungicide (Kocide-2000),"Spray peach trees with copper-based fungicides (Kocide-2000) at 2,397 µg/mL Cu²⁺, followed by 599 µg/mL Cu²⁺, and a low concentration of 120 µg/mL Cu²⁺. Repeat applications every 7–10 days until 3–4 weeks before harvest.",2,"Remove all infected branches or leaves; Use clean, sterilized pruning tools to avoid spreading the disease; Dispose of infected materials properly by burning or burying."
Peach Bacterial spot,Moderate,Chemical Control,Contact Fungicide,copper-based fungicide (Kocide-2000),"Spray peach trees with copper-based fungicides (Kocide-2000) at 2,397 µg/mL Cu²⁺, followed by 599 µg/mL Cu²⁺, and a low concentration of 120 µg/mL Cu²⁺. Repeat applications every 7–10 days until 3–4 weeks before harvest.",1,"Remove all infected branches or leaves; Use clean, sterilized pruning tools to avoid spreading the disease; Dispose of infected materials properly by burning or burying."
Peach Bacterial spot,Moderate,Biological Control,Microbial Biological Agents,Beneficial Bacteria (Xanthomonas campestris strain AZ98101 or AZ98106),Spray the trees twice with a foliar suspension of the beneficial bacterium Xanthomonas campestris strain AZ98101 or AZ98106 at roughly 5 × 10^7 CFU mL,2,"Remove all infected branches or leaves; Use clean, sterilized pruning tools to avoid spreading the disease; Dispose of infected materials properly by burning or burying."
Peach Bacterial spot,Severe,Chemical,Systemic Fungicide,oxytetracycline (OTC),"Spray peach trees with oxytetracycline (OTC) at a concentration of 150 µg/mL and continue throughout the season, applying every 7-10 days. ",1,"Remove all infected branches or leaves; Use clean, sterilized pruning tools to avoid spreading the disease; Dispose of infected materials properly by burning or burying."
,,Control,,,,,
,,,,,,,
Pepper (bell) Bacterial spot,Early,Biological Control,Natural Agent,Neem oil,Neem oil 5 mL/L water foliar spray applied weekly (10x).,1,"Rotate peppers with non-host crops (e.g., beans, corn) every 2-3 years. Prune and remove any infected leaves and vines; improve air circulation."
Pepper (bell) Bacterial spot,Early,Chemical Control,Contact Fungicide,Copper hydroxide + Maneb,"Spray copper hydroxide (1.72 kg a.i./ha) mixed with maneb (1.26 kg a.i./ha) weekly, and continue throughout the crop season.",2,"Rotate peppers with non-host crops (e.g., beans, corn) every 2-3 years. Prune and remove any infected leaves and vines; improve air circulation."
Pepper (bell) Bacterial spot,Moderate,Chemical Control,Contact Fungicide,Copper hydroxide + Maneb,"Spray copper hydroxide (1.72 kg a.i./ha) mixed with maneb (1.26 kg a.i./ha) weekly, and continue throughout the crop season.",1,"Rotate peppers with non-host crops (e.g., beans, corn) every 2-3 years. Prune and remove any infected leaves and vines; improve air circulation."
Pepper (bell) Bacterial spot,Moderate,Biological Control,Natural Agent,Neem oil,Neem oil 5 mL/L water foliar spray applied weekly (10x).,2,"Rotate peppers with non-host crops (e.g., beans, corn) every 2-3 years. Prune and remove any infected leaves and vines; improve air circulation."
Pepper (bell) Bacterial spot,Severe,Chemical,Systemic Fungicide,"Acibenzolar-S-methyl 50% WG (e.g., Actigard)",Spray Acibenzolar-S-methyl at 35 g a.i./ha every 2 weeks. Apply a total of 5-8 applications during the season.,1,"Rotate peppers with non-host crops (e.g., beans, corn) every 2-3 years. Prune and remove any infected leaves and vines; improve air circulation."
,,Control,,,,,
,,,,,,,
Potato Early blight,Early,Biological Control,Microbial Biological Agents,Beneficial Fungus (Trichoderma harzianum),"Spray leaves with a suspension of harzianum (10 spores/ml) until wet, and then again after 15 days up to 60 days.",1,Reduce stress to plants by fertilizing and watering adequately; store tubers in a cool environment.
,,,,,,,
Potato Early blight,Early,Chemical Control,Contact Fungicide,Chlorothalonil,"Apply Chlorothalonil at 2–3 g/L in water as a foliar spray, repeating every 7–10 days.",2,Reduce stress to plants by fertilizing and watering adequately; store tubers in a cool environment.
Potato Early blight,Moderate,Chemical Control,Contact Fungicide,Chlorothalonil,"Apply Chlorothalonil at 2–3 g/L in water as a foliar spray, repeating every 7–10 days.",1,Reduce stress to plants by fertilizing and watering adequately; store tubers in a cool environment.
Potato Early blight,Moderate,Biological Control,Microbial Biological Agents,Beneficial Fungus (Trichoderma harzianum),"Spray leaves with a suspension of harzianum (10 spores/ml) until wet, and then again after 15 days up to 60 days.",2,Reduce stress to plants by fertilizing and watering adequately; store tubers in a cool environment.
,,,,,,,
Potato Early blight,Severe,Chemical,Systemic Fungicide,Boscalid + Chlorothalonil,"Apply Boscalid (150–200 g/ha) and Chlorothalonil (1.5–2.5 kg/ha), repeated every 7–10 days for 2–3 weeks.",1,Reduce stress to plants by fertilizing and watering adequately; store tubers in a cool environment.
,,Control,,,,,
,,,,,,,
Potato Late blight,Early,Biological Control,Natural Agent,apple vinegar,"Spray apple vinegar (15 mL / 4 L water) onto potato foliage, then repeat the application four times at 7-day intervals until season's end.",1,Irrigate early in the morning and avoid overhead irrigation to reduce leaf wetness duration. Remove and destroy all infected plant debris.
Potato Late blight,Early,Chemical Control,Contact Fungicide,Propineb (e.g. Antracol 70%),Apply at 2.5 g/L water as a foliar spray repeated every 7–10 days and continued until disease symptoms are suppressed.,2,Irrigate early in the morning and avoid overhead irrigation to reduce leaf wetness duration. Remove and destroy all infected plant debris.
Potato Late blight,Moderate,Chemical Control,Contact Fungicide,Propineb (e.g. Antracol 70%),Apply at 2.5 g/L water as a foliar spray repeated every 7–10 days and continued until disease symptoms are suppressed.,1,Irrigate early in the morning and avoid overhead irrigation to reduce leaf wetness duration. Remove and destroy all infected plant debris.
Potato Late blight,Moderate,Biological Control,Natural Agent,apple vinegar,"Spray apple vinegar (15 mL / 4 L water) onto potato foliage, then repeat the application four times at 7-day intervals until season's end.",2,Irrigate early in the morning and avoid overhead irrigation to reduce leaf wetness duration. Remove and destroy all infected plant debris.
Potato Late blight,Severe,Chemical,Systemic Fungicide,Mancozeb and Metalaxyl e.g. Ridomil Cold 68%),"Apply at 2.5 g/L water, every 7 days for 2–3 applications, preferably in the late afternoon or early evening under high humidity.",1,Irrigate early in the morning and avoid overhead irrigation to reduce leaf wetness duration. Remove and destroy all infected plant debris.
,,Control,,,,,
,,,,,,,
Squash Powdery,Early,Biological Control,Microbial Biological Agents,Beneficial Bacterium (Bacillus subtilis),"Spray zucchini foliage with a CMBS solution containing metabolites of Bacillus subtilis at 5,000 µg mL-1; repeat application every 2 days during disease development.",1,Remove and destroy infected leaves. Prune dense foliage and avoid overhead irrigation to enhance airflow and reduce leaf wetness.
mildew,,,,,,,
Squash Powdery,Early,Chemical Control,Contact Fungicide,Chlorothalonil,Spray squash plants with Chlorothalonil at 3 pints per acre using 37 gallons of water per acre once weekly for 5 consecutive weeks.,2,Remove and destroy infected leaves. Prune dense foliage and avoid overhead irrigation to enhance airflow and reduce leaf wetness.
mildew,,,,,,,
Squash Powdery,Moderate,Chemical Control,Contact Fungicide,Chlorothalonil,Spray squash plants with Chlorothalonil at 3 pints per acre using 37 gallons of water per acre once weekly for 5 consecutive weeks.,1,Remove and destroy infected leaves. Prune dense foliage and avoid overhead irrigation to enhance airflow and reduce leaf wetness.
mildew,,,,,,,
Squash Powdery,Moderate,Biological Control,Microbial Biological Agents,Beneficial Bacterium (Bacillus subtilis),"Spray zucchini foliage with a CMBS solution containing metabolites of Bacillus subtilis at 5,000 µg mL-1; repeat application every 2 days during disease development ",2,Remove and destroy infected leaves. Prune dense foliage and avoid overhead irrigation to enhance airflow and reduce leaf wetness.
mildew,,,,,,,
Squash Powdery,Severe,Chemical,Systemic Fungicide,Triflumizole,"Spray squash plants with Triflumizole (480 g/L) at a rate of 584 ml/ha. Repeat every 2 weeks (6-9 times per season), ensuring full leaf coverage.",1,Remove and destroy infected leaves. Prune dense foliage and avoid overhead irrigation to enhance airflow and reduce leaf wetness.
mildew,,Control,,,,,
,,,,,,,
Strawberry Leaf scorch,Early,Biological Control,Microbial Biological Agents,Beneficial Bacterium (Bacillus subtilis),Spray strawberry foliage with Bacillus subtilis strain QST 713 at 2–4 mL/L in water; repeat application every 7–10 days.,1,Avoid overhead irrigation to reduce leaf wetness and spore spread; Remove and destroy infected plant debris immediately.
,,,,,,,
Strawberry Leaf scorch,Early,Chemical Control,Contact Fungicide,"copper-based fungicides (e.g., copper hydroxide)",Apply it at 2-3 L/ha every 7-10 days during early disease development.,2,Avoid overhead irrigation to reduce leaf wetness and spore spread; Remove and destroy infected plant debris immediately.
Strawberry Leaf scorch,Moderate,Chemical Control,Contact Fungicide,"copper-based fungicides (e.g., copper hydroxide)",Apply it at 2-3 L/ha every 7-10 days during early disease development.,1,Avoid overhead irrigation to reduce leaf wetness and spore spread; Remove and destroy infected plant debris immediately.
Strawberry Leaf scorch,Moderate,Biological Control,Microbial Biological Agents,Beneficial Bacterium (Bacillus subtilis),Spray strawberry foliage with Bacillus subtilis strain QST 713 at 2–4 mL/L in water; repeat application every 7–10 days.,2,Avoid overhead irrigation to reduce leaf wetness and spore spread; Remove and destroy infected plant debris immediately.
,,,,,,,
Strawberry Leaf scorch,Severe,Chemical,Systemic Fungicide,Propiconazole,"Apply at a rate of 0.5 mL/L water, with applications every 7 days for 2–3 consecutive sprays.",1,Avoid overhead irrigation to reduce leaf wetness and spore spread; Remove and destroy infected plant debris immediately.
,,Control,,"25% EC (e.g., Tilt)",,,
,,,,,,,
,,,,,,,
Tomato Bacterialspot,Early,Biological Control,Microbial Biological Agents,beneficial fungal,"Use beneficial fungal (Trichoderma viride, T. harzianum, T. album) at a concentration of 2.5×10^7 spores/mL, applying 5 mL per plant twice.",1,Avoid overhead irrigation. Disinfect tools and equipment regularly to prevent transmission. Avoid planting tomatoes or peppers in the same soil for at least years.
,,,,"(Trichoderma viride, T. harzianum, T. album)",,,
Tomato Bacterialspot,Early,Chemical Control,Contact Fungicide,Copper hydroxide + Mancozeb (Cu-Manc),Spray tomato plants weekly with a mixture of copper hydroxide (Kocide 3000 at 2.2 g/L) and mancozeb (Penncozeb 75DF at 2.4 g/L) applied 9-10 times.,2,Avoid overhead irrigation. Disinfect tools and equipment regularly to prevent transmission. Avoid planting tomatoes or peppers in the same soil for at least years.
Tomato Bacterialspot,Moderate,Chemical Control,Contact Fungicide,Copper hydroxide + Mancozeb (Cu-Manc),Spray tomato plants weekly with a mixture of copper hydroxide (Kocide 3000 at 2.2 g/L) and mancozeb (Penncozeb 75DF at 2.4 g/L) applied 9-10 times.,1,Avoid overhead irrigation. Disinfect tools and equipment regularly to prevent transmission. Avoid planting tomatoes or peppers in the same soil for at least years.
Tomato Bacterialspot,Moderate,Biological Control,Microbial Biological Agents,beneficial fungal,"Use beneficial fungal (Trichoderma viride, T. harzianum, T. album) at a concentration of 2.5×10^7 spores/mL, applying 5 mL per plant twice.",2,Avoid overhead irrigation. Disinfect tools and equipment regularly to prevent transmission. Avoid planting tomatoes or peppers in the same soil for at least years.
,,,,"(Trichoderma viride, T. harzianum, T. album)",,,
Tomato Bacterialspot,Severe,Chemical,Systemic Fungicide,Streptomycin sulfate + Acibenzolar-S-methyl (STR+ASM),Spray tomato plants weekly with a tank mixture of streptomycin sulfate (1.2 g/L) and acibenzolar-S- methyl (0.06 g/L) for 9-10 consecutive weeks.,1,Avoid overhead irrigation. Disinfect tools and equipment regularly to prevent transmission. Avoid planting tomatoes or peppers in the same soil for at least years.
,,Control,,,,,
,,,,,,,
Tomato Early blight,Early,Biological Control,Microbial Biological Agents,Beneficial Bacterium (Bacillus subtilis),"Spray each plant with 40 mL of the Beneficial bacterial (Bacillus subtilis J3: Pseudomonas fluorescens J8 at a 2: 3 volume ratio, 1 × 10^9 CFU/mL, then 3 days later, spray 40 mL of the conidial suspension.",1,"Apply mulch around the base of plants to reduce soil splash that carries spores; Avoid overhead irrigation to reduce leaf wetness. Avoid planting solanaceous plants (tomato, potato, nightshade, etc.) in the same soil for 2-3 years."
,,,,,,,
Tomato Early blight,Early,Chemical Control,Contact Fungicide,chlorothalonil,Apply it at 1.5-2 kg/ha every 7-10 days upon symptoms.,2,"Apply mulch around the base of plants to reduce soil splash that carries spores; Avoid overhead irrigation to reduce leaf wetness. Avoid planting solanaceous plants (tomato, potato, nightshade, etc.) in the same soil for 2-3 years."
Tomato Early blight,Moderate,Chemical Control,Contact Fungicide,chlorothalonil,Apply it at 1.5-2 kg/ha every 7-10 days upon symptoms.,1,"Apply mulch around the base of plants to reduce soil splash that carries spores; Avoid overhead irrigation to reduce leaf wetness. Avoid planting solanaceous plants (tomato, potato, nightshade, etc.) in the same soil for 2-3 years."
Tomato Early blight,Moderate,Biological Control,Microbial Biological Agents,Beneficial Bacterium (Bacillus subtilis),"Spray each plant with 40 mL of the Beneficial bacterial (Bacillus subtilis J3: Pseudomonas fluorescens J8 at a 2: 3 volume ratio, 1 × 10^9 CFU/mL, then 3 days later, spray 40 mL of the conidial suspension.",2,"Apply mulch around the base of plants to reduce soil splash that carries spores; Avoid overhead irrigation to reduce leaf wetness. Avoid planting solanaceous plants (tomato, potato, nightshade, etc.) in the same soil for 2-3 years."
,,,,,,,
Tomato Early blight,Severe,Chemical,Systemic Fungicide,Azoxystrobin,Apply Azoxystrobin at 200–300 mL/ha and repeat the application every 7–14 days during periods of infection.,1,"Apply mulch around the base of plants to reduce soil splash that carries spores; Avoid overhead irrigation to reduce leaf wetness. Avoid planting solanaceous plants (tomato, potato, nightshade, etc.) in the same soil for 2-3 years."
,,Control,,25% SC e.g. Ortiva,,,
,,,,,,,
,,,,,,,
Tomato Late blight,Early,Biological Control,Microbial Biological Agents,fungal biocontrol (Trichoderma harzianum or Trichoderma asperellum),"Apply Trichoderma harzianum or Trichoderma asperellum as a root drench at 3 g/L, and repeat every two weeks at 1.5 g/L.",1,Use drip irrigation; Ensure proper plant spacing to improve air circulation; Remove and destroy infected plant debris immediately.
Tomato Late blight,Early,Chemical Control,Contact Fungicide,"copper-based fungicides (e.g., copper oxychloride)","Use it at 2-3 kg/ha every 10 days. Apply Early morning or late afternoon, especially during periods of high humidity or after rainfall.",2,Use drip irrigation; Ensure proper plant spacing to improve air circulation; Remove and destroy infected plant debris immediately.
Tomato Late blight,Moderate,Chemical Control,Contact Fungicide,"copper-based fungicides (e.g., copper oxychloride)","Use it at 2-3 kg/ha every 10 days. Apply Early morning or late afternoon, especially during periods of high humidity or after rainfall.",1,Use drip irrigation; Ensure proper plant spacing to improve air circulation; Remove and destroy infected plant debris immediately.
Tomato Late blight,Moderate,Biological Control,Microbial Biological Agents,fungal biocontrol (Trichoderma harzianum or Trichoderma asperellum),"Apply Trichoderma harzianum or Trichoderma asperellum as a root drench at 3 g/L, and repeat every two weeks at 1.5 g/L.",2,Use drip irrigation; Ensure proper plant spacing to improve air circulation; Remove and destroy infected plant debris immediately.
Tomato Late blight,Severe,Chemical,Systemic Fungicide,metalaxyl,"Spray it at 250-500 ml/ha every 7-10 days, 2-3 consecutive applications.",1,Use drip irrigation; Ensure proper plant spacing to improve air circulation; Remove and destroy infected plant debris immediately.
,,Control,,,,,
,,,,,,,
Tomato Leaf Mold,Early,Biological Control,Microbial Biological Agents,beneficial bacterium (Streptomyces albidoflavus L131),Spray tomato leaves with Streptomyces albidoflavus L131 at 100 µg/mL. every 48 hours for 7-10 days.,1,Ensure proper plant spacing and greenhouse ventilation to reduce humidity; use drip irrigation to keep foliage dry.
Tomato Leaf Mold,Early,Chemical Control,Contact Fungicide,Mancozeb,Spray mancozeb at 1.5-2 kg/ha. Applied 7-10 days for 2-3 applications. Preferably in the early morning or evening.,2,Ensure proper plant spacing and greenhouse ventilation to reduce humidity; use drip irrigation to keep foliage dry.
,,,,80% WP e.g. Dithane M45,,,
Tomato Leaf Mold,Moderate,Chemical Control,Contact Fungicide,Mancozeb,Spray mancozeb at 1.5-2 kg/ha. Applied 7-10 days for 2-3 applications. Preferably in the early morning or evening.,1,Ensure proper plant spacing and greenhouse ventilation to reduce humidity; use drip irrigation to keep foliage dry.
,,,,80% WP e.g. Dithane M45,,,
Tomato Leaf Mold,Moderate,Biological Control,Microbial Biological Agents,beneficial bacterium (Streptomyces albidoflavus L131),Spray tomato leaves with Streptomyces albidoflavus L131 at 100 µg/mL. every 48 hours for 7-10 days.,2,Ensure proper plant spacing and greenhouse ventilation to reduce humidity; use drip irrigation to keep foliage dry.
Tomato Leaf Mold,Severe,Chemical,Systemic Fungicide,Difenoconazole,"Spray tomato foliage with difenoconazole at 0.5 mL/L in water, applied every 7 days for 2–3 consecutive applications.",1,Ensure proper plant spacing and greenhouse ventilation to reduce humidity; use drip irrigation to keep foliage dry.
,,Control,,,,,
,,,,,,,
Tomato Septoria leaf spot,Early,Biological Control,Microbial Biological Agents,beneficial bacterium (Bacillus subtilis QST713),"Spray it at 274 mg/L, and repeat the application every 15 days under favorable disease conditions. Avoid mixing with copper-based fungicides.",1,Avoid growing tomato or other solanaceous crops in the same soil for at least 2 years; Provide good air circulation and avoid overcrowding plants; Use drip irrigation to avoid wetting foliage.
Tomato Septoria leaf spot,Early,Chemical Control,Contact Fungicide,Mancozeb,Use mancozeb at 1.5–2 kg/ha; reapply every 7–10 days or after rainfall.,2,Avoid growing tomato or other solanaceous crops in the same soil for at least 2 years; Provide good air circulation and avoid overcrowding plants; Use drip irrigation to avoid wetting foliage.
,,,,80% WP e.g. Dithane M45,,,
Tomato Septoria leaf spot,Moderate,Chemical Control,Contact Fungicide,Mancozeb,Use mancozeb at 1.5–2 kg/ha; reapply every 7–10 days or after rainfall.,1,Avoid growing tomato or other solanaceous crops in the same soil for at least 2 years; Provide good air circulation and avoid overcrowding plants; Use drip irrigation to avoid wetting foliage.
,,,,80% WP e.g. Dithane M45,,,
Tomato Septoria leaf spot,Moderate,Biological Control,Microbial Biological Agents,beneficial bacterium (Bacillus subtilis QST713),"Spray it at 274 mg/L, and repeat the application every 15 days under favorable disease conditions. Avoid mixing with copper-based fungicides.",2,Avoid growing tomato or other solanaceous crops in the same soil for at least 2 years; Provide good air circulation and avoid overcrowding plants; Use drip irrigation to avoid wetting foliage.
Tomato Septoria leaf spot,Severe,Chemical,Systemic Fungicide,Azoxystrobin,"Spray tomato foliage with azoxystrobin at a rate of 0.75–1.0 mL/L water, applied every 7 days for 2–3 consecutive applications.",1,Avoid growing tomato or other solanaceous crops in the same soil for at least 2 years; Provide good air circulation and avoid overcrowding plants; Use drip irrigation to avoid wetting foliage.
,,Control,,25% SC e.g. Ortiva,,,
,,,,,,,
,,,,,,,
Tomato Spider mites Two spotted spider mite,Early,Biological Control,Natural Agent,neem oil,"Spray the plant leaves with neem oil at a concentration of 0.5% (i.e., 500 ml per 100 liters of water) using a fine sprayer at a rate of 4 ml per leaf, twice at 10-day intervals.",1,Avoid planting near known host plants like beans or strawberries; Remove weeds and plant debris that may host spider mites.
Tomato Spider mites Two spotted spider mite,Early,Chemical Control,Contact Fungicide,bifenazate or spiromesifen,"Use bifenazate or spiromesifen at 0.4–0.6 L/ha, and repeat the application every 7–10 days or after rainfall.",2,Avoid planting near known host plants like beans or strawberries; Remove weeds and plant debris that may host spider mites.
Tomato Spider mites Two spotted spider mite,Moderate,Chemical Control,Contact Fungicide,bifenazate or spiromesifen,"Use bifenazate or spiromesifen at 0.4–0.6 L/ha, and repeat the application every 7–10 days or after rainfall.",1,Avoid planting near known host plants like beans or strawberries; Remove weeds and plant debris that may host spider mites.
Tomato Spider mites Two spotted spider mite,Moderate,Biological Control,Natural Agent,neem oil,"Spray the plant leaves with neem oil at a concentration of 0.5% (i.e., 500 ml per 100 liters of water) using a fine sprayer at a rate of 4 ml per leaf, twice at 10-day intervals. ",2,Avoid planting near known host plants like beans or strawberries; Remove weeds and plant debris that may host spider mites.
Tomato Spider mites Two spotted spider mite,Severe,Chemical,Systemic Fungicide,abamectin (miticide),"Apply abamectin (miticide) at 0.5–1 L/ha, and repeat the application every 5–7 days for 2–3 consecutive applications.",1,Avoid planting near known host plants like beans or strawberries; Remove weeds and plant debris that may host spider mites.
,,Control,,,,,
,,,,,,,
Tomato Target Spot,Early,Biological Control,Microbial Biological Agents,beneficial bacterium (Bacillus subtilis),"Spray Bacillus subtilis (strain QST 713) weekly at a rate of 4.5 kg/ha, repeat until one week before harvest.",1,Ensure good air circulation by spacing plants properly and pruning lower leaves; Avoid overhead irrigation to reduce leaf wetness.
Tomato Target Spot,Early,Chemical Control,Contact Fungicide,chlorothalonil,Apply it at 1.5-2 kg/ha every 7-10 days for 2–3 applications upon symptoms.,2,Ensure good air circulation by spacing plants properly and pruning lower leaves; Avoid overhead irrigation to reduce leaf wetness.
Tomato Target Spot,Moderate,Chemical Control,Contact Fungicide,chlorothalonil,Apply it at 1.5-2 kg/ha every 7-10 days for 2–3 applications upon symptoms.,1,Ensure good air circulation by spacing plants properly and pruning lower leaves; Avoid overhead irrigation to reduce leaf wetness.
Tomato Target Spot,Moderate,Biological Control,Microbial Biological Agents,beneficial bacterium (Bacillus subtilis),"Spray Bacillus subtilis (strain QST 713) weekly at a rate of 4.5 kg/ha, repeat until one week before harvest.",2,Ensure good air circulation by spacing plants properly and pruning lower leaves; Avoid overhead irrigation to reduce leaf wetness.
Tomato Target Spot,Severe,Chemical,Systemic Fungicide,Azoxystrobin,"Use Azoxystrobin (200–300 mL/ha) or difenoconazole (250–300 mL/ha), reapply every 7 days with rotation.",1,Ensure good air circulation by spacing plants properly and pruning lower leaves; Avoid overhead irrigation to reduce leaf wetness.
,,Control,,25% SC e.g. Ortiva,,,
,,,,or difenoconazole,,,
,,,,,,,
Tomato mosaic virus,Early,Biological Control,Microbial Biological Agents,microalgal extract (Dunaliella salina or Chlorella vulgaris),"Apply microalgal extract as a soil drench at a concentration of 6.0 x 10^6 cells/mL, using 10 mL per seedling, repeated every 7 days for 2–3 applications.",1,"Remove and destroy infected plants immediately upon detection. Disinfect tools and hands with a 10% bleach solution, or use soap. Rotate tomatoes for 2 years, avoiding peppers, eggplant, cucurbits, and tobacco."
(ToMV),,,,,,,
,,,,,,,
Tomato mosaic virus,Early,Chemical Control,Contact Fungicide,mineral oils,Spray mineral oils (at 1%) weekly to reduce the spread of the virus.,2,"Remove and destroy infected plants immediately upon detection. Disinfect tools and hands with a 10% bleach solution, or use soap. Rotate tomatoes for 2 years, avoiding peppers, eggplant, cucurbits, and tobacco."
(ToMV),,,,,,,
,,,,,,,
Tomato mosaic virus,Moderate,Chemical Control,Contact Fungicide,mineral oils,Spray mineral oils (at 1%) weekly to reduce the spread of the virus.,1,"Remove and destroy infected plants immediately upon detection. Disinfect tools and hands with a 10% bleach solution, or use soap. Rotate tomatoes for 2 years, avoiding peppers, eggplant, cucurbits, and tobacco."
(ToMV),,,,,,,
,,,,,,,
Tomato mosaic virus,Moderate,Biological Control,Microbial Biological Agents,microalgal extract (Dunaliella salina or Chlorella vulgaris),"Apply microalgal extract as a soil drench at a concentration of 6.0 x 10^6 cells/mL, using 10 mL per seedling, repeated every 7 days for 2–3 applications.",2,"Remove and destroy infected plants immediately upon detection. Disinfect tools and hands with a 10% bleach solution, or use soap. Rotate tomatoes for 2 years, avoiding peppers, eggplant, cucurbits, and tobacco."
(ToMV),,,,,,,
,,,,,,,
Tomato mosaic virus,Severe,Chemical,Systemic Fungicide,Acibenzolar-S-methyl,Apply acibenzolar-S-methyl as a systemic resistance inducer at a rate of 003–006 g/L water applied every 7 days for 2–3 consecutive applications.,1,"Remove and destroy infected plants immediately upon detection. Disinfect tools and hands with a 10% bleach solution, or use soap. Rotate tomatoes for 2 years, avoiding peppers, eggplant, cucurbits, and tobacco."
(ToMV),,Control,,,,,
,,,,,,,
,,,,,,,
Tomato Yellow Leaf Curl Virus (TYLCV),Early,Biological Control,Microbial Biological Agents,beneficial bacterium (Bacillus amyloliquefaciens Ba13),"Apply Bacillus amyloliquefaciens Ba13 to the tomato seedling roots at a concentration of 10^8 CFU/mL, repeated every 7 days for 2–3 applications.",1,"Remove the infected plants and burn them. Use yellow sticky traps to monitor and control whiteflies. Avoid planting tomatoes near other susceptible hosts, such as peppers."
Tomato Yellow Leaf Curl Virus (TYLCV),Early,Chemical Control,Contact Fungicide,Pyriproxyfen,"Use it as a foliar spray every 7-10 days to prevent whitefly reproduction. Rotate with Spiromesifen or Buprofezin to avoid insecticide resistance, applying every 10-14 days.",2,"Remove the infected plants and burn them. Use yellow sticky traps to monitor and control whiteflies. Avoid planting tomatoes near other susceptible hosts, such as peppers."
Tomato Yellow Leaf Curl Virus (TYLCV),Moderate,Chemical Control,Contact Fungicide,Pyriproxyfen,"Use it as a foliar spray every 7-10 days to prevent whitefly reproduction. Rotate with Spiromesifen or Buprofezin to avoid insecticide resistance, applying every 10-14 days.",1,"Remove the infected plants and burn them. Use yellow sticky traps to monitor and control whiteflies. Avoid planting tomatoes near other susceptible hosts, such as peppers."
Tomato Yellow Leaf Curl Virus (TYLCV),Moderate,Biological Control,Microbial Biological Agents,beneficial bacterium (Bacillus amyloliquefaciens Ba13),"Apply Bacillus amyloliquefaciens Ba13 to the tomato seedling roots at a concentration of 10^8 CFU/mL, repeated every 7 days for 2–3 applications.",2,"Remove the infected plants and burn them. Use yellow sticky traps to monitor and control whiteflies. Avoid planting tomatoes near other susceptible hosts, such as peppers."
Tomato Yellow Leaf Curl Virus (TYLCV),Severe,Chemical,Systemic Fungicide,lmidacloprid,Apply it as a soil drench or foliar spray at 0.5-1 ml/L every 10-14 days.,1,"Remove the infected plants and burn them. Use yellow sticky traps to monitor and control whiteflies. Avoid planting tomatoes near other susceptible hosts, such as peppers."
,,Control,,,,,
